query,lat,lng,geocodedAddress
"Newgate Street, Brecon, LD3 8ED, GB",51.944891,-3.407428,"LD3 8ED, Brecon, Powys, Wales, United Kingdom"
"Hayfield Gardens, B4351, Hay-on-Wye, HR3 5LA, GB",52.074738,-3.124509,"Hay-on-Wye, Powys, Wales, United Kingdom"
"Alexandra Playing Fields, Llandrindod Wells,, LD1 5NN, GB",52.235786,-3.382917,"LD1 5NN, Llandrindod Wells, Powys, Wales, United Kingdom"
"Newmarch Street, Llanfaes, Brecon, Powys, LD3 8AS, GB",51.947199,-3.398925,"Newmarch Street, Brecon Beacons National Park, Brecon, LD3 8AU, United Kingdom"
"Watton, Brecon, Powys, LD3 7EL, GB",51.944637,-3.385669,"LD3 7EL, Brecon, Powys, Wales, United Kingdom"
"Groesffordd, Brecon, LD3 7SN, GB",51.942595,-3.346267,"LD3 7SN, Brecon, Powys, Wales, United Kingdom"
"Llandrindod Wells, LD1 6LL, GB",52.214738,-3.442979,"LD1 6LL, Llandrindod Wells, Powys, Wales, United Kingdom"
"Beaufort St, Crickhowell, NP8 1AD, GB",51.858381,-3.13668,"NP8 1AD, Crickhowell, Powys, Wales, United Kingdom"
"Llangattock, Np8 1HG, GB",51.855217,-3.14219,"NP8 1HG, Crickhowell, Powys, Wales, United Kingdom"
"Talgarth, LD3 0BW , GB",51.995991,-3.232421,"LD3 0BW, Brecon, Powys, Wales, United Kingdom"
"Bronllys Hospital, Bronllys, Brecon, LD3 0LU, GB",52.009177,-3.260859,"LD3 0LU, Brecon, Powys, Wales, United Kingdom"
"Hay On Wye, Hereford, Powys , HR3 5DY, GB",52.070653,-3.130261,"HR3 5DY, Hereford, Powys, Wales, United Kingdom"
"Llanover, NP7 9EY, GB",51.767791,-2.99728,"NP7 9EY, Abergavenny, Monmouthshire, Wales, United Kingdom"
"Gwernyfed Walled Garden, Three Cocks, LD3 0SG, GB",52.029643,-3.205723,"LD3 0SG, Brecon, Powys, Wales, United Kingdom"
"Woodlands Avenue, Talgarth, LD3 0AU, GB",51.998356,-3.228961,"LD3 0AU, Brecon, Powys, Wales, United Kingdom"
", LD7 1AR, GB",52.346274,-3.048434,"LD7 1AR, Knighton, Powys, Wales, United Kingdom"
"Knighton, LD7 1PW, GB",52.361348,-3.09828,"LD7 1PW, Knighton, Powys, Wales, United Kingdom"
"Lower Went's Meadow, Presteigne , LD8 2AX, GB",52.277426,-3.015309,"LD8 2AX, Presteigne, Powys, Wales, United Kingdom"
"Knighton, LD7 1AR, GB",52.346274,-3.048434,"LD7 1AR, Knighton, Powys, Wales, United Kingdom"
"The Rhos, Knighton, LD7 1PD, GB",52.316424,-3.065699,"LD7 1PD, Knighton, Powys, Wales, United Kingdom"
"Llanidloes, SY18 6BS, GB",52.448636,-3.538609,"SY18 6BS, Llanidloes, Powys, Wales, United Kingdom"
"Llandrindod Wells, LD1 5PL, GB",52.222933,-3.38874,"LD1 5PL, Llandrindod Wells, Powys, Wales, United Kingdom"
"Llandegley, LD1 5UF, GB",52.257037,-3.260392,"LD1 5UF, Llandrindod Wells, Powys, Wales, United Kingdom"
"Rhayader, LD65PN, GB",52.305155,-3.507462,"LD6 5PN, Rhayader, Powys, Wales, United Kingdom"
"Crabtree Green, Llandrindod, LD1 6BY, GB",52.250002,-3.381323,"LD1 6BY, Llandrindod Wells, Powys, Wales, United Kingdom"
"Llanfyllin, SY22 5DG, GB",52.767084,-3.273059,"SY22 5DG, Llanfyllin, Powys, Wales, United Kingdom"
"Maesyllan, Llanidloes, SY18 6DF, GB",52.44762,-3.53719,"SY18 6DF, Llanidloes, Powys, Wales, United Kingdom"
"Eastgate St, Llanidloes, SY18 6HF, GB",52.452506,-3.539641,"SY18 6HF, Llanidloes, Powys, Wales, United Kingdom"
"Newtown, SY16 1ES, GB",52.509821,-3.321971,"SY16 1ES, Newtown, Powys, Wales, United Kingdom"
"Bowling Club, Churchstoke, SY15 6AR, GB",52.537319,-3.063758,"SY15 6AR, Montgomery, Powys, Wales, United Kingdom"
" Forden Rd, Montgomery, SY15 6QX, GB",52.565214,-3.149501,"SY15 6QX, Montgomery, Powys, Wales, United Kingdom"
"45-46 High St, Llanfyllin,  SY22 5AH, GB",52.766006,-3.273027,"SY22 5AH, Llanfyllin, Powys, Wales, United Kingdom"
"The Old Drill Hall, Bridge Street, Rhayader, LD6 5AG, GB",52.299565,-3.513607,"LD6 5AG, Rhayader, Powys, Wales, United Kingdom"
"Commercial St, Newtown, SY16 2DN, GB",52.521706,-3.31316,"SY16 2DN, Newtown, Powys, Wales, United Kingdom"
"Kingswood Church,,  Church Road, , Welshpool, , SY21 7LN, GB",52.659904,-3.152649,"SY21 7LN, Welshpool, Powys, Wales, United Kingdom"
"Oasis, Spa Road,, Llandrindod Wells, , , LD1 5ER, GB",52.23975,-3.379965,"LD1 5ER, Llandrindod Wells, Powys, Wales, United Kingdom"
"St John's Centre, Pendre Close,, Brecon, , LD3 9EA, GB",51.953336,-3.393722,"LD3 9EA, Brecon, Powys, Wales, United Kingdom"
"Builth Wells Community Support Office, 1 Groe Street, Builth Wells,, LD2 3DW, GB",52.149288,-3.402305,"LD2 3DW, Builth Wells, Powys, Wales, United Kingdom"
"Llanwrtyd Institute, Station Road, Llanwrtyd Wells, LD5 4RH, GB",52.107151,-3.637626,"LD5 4RH, Llanwrtyd Wells, Powys, Wales, United Kingdom"
"The Pavillion, Brecon Rd, Hay on Wye, , HR3 5DY, GB",52.070653,-3.130261,"HR3 5DY, Hereford, Powys, Wales, United Kingdom"
"7-8 Market Street, Newtown, SY16 2PQ, GB",52.51437,-3.31466,"7-8 Market Street, Newtown, SY16 2PQ, United Kingdom"
"3 Market Street, Knighton, , LD7 1EY, GB",52.344545,-3.05287,"LD7 1EY, Knighton, Powys, Wales, United Kingdom"
"The Arches, West Street, Rhayader, , LD6 5AB, GB",52.300116,-3.511353,"LD6 5AB, Rhayader, Powys, Wales, United Kingdom"
"Old Remploy Factory, Wind Rd, Ystradgynlais, Swansea , SA9 1AF, GB",51.8128,-3.7445,"SA9, Ystradgynlais, Swansea, Powys, Wales, United Kingdom"
"Y Pantri, Cross Keys Pub, 50 High Street, Lanfyllin, SY22 5AT, GB",52.765294,-3.271233,"50 High Street, Llanfyllin, SY22 5AP, United Kingdom"
"Unit 8, St Giles Business Park, Pool Rd, Newtown, SY16 3AJ, GB",52.519715,-3.294766,"SY16 3AJ, Newtown, Powys, Wales, United Kingdom"
"The Hanging Gardens, Bethel Street, Llanidloes,, SY18 6BS, GB",52.448636,-3.538609,"SY18 6BS, Llanidloes, Powys, Wales, United Kingdom"
"Tremont Rd, Llandrindod Wells, Powys , LD1 5EP, GB",52.247614,-3.374086,"LD1 5EP, Llandrindod Wells, Powys, Wales, United Kingdom"
"Hay Cheese Market, Hay-on-Wye, HR3 5AF, GB",52.074243,-3.125259,"HR3 5AF, Hereford, Powys, Wales, United Kingdom"
"Taj Mahal 21 Heol Pen'Rallt, Machynlleth, SY20 8AJ, GB",52.591233,-3.852783,"SY20 8AJ, Machynlleth, Powys, Wales, United Kingdom"
"Brecon High School, Penlan, Brecon, LD3 9SR, GB",51.953436,-3.381414,"LD3 9SR, Brecon, Powys, Wales, United Kingdom"
"Gwernyfed School, Three Cocks, LD3 0SG, GB",52.029643,-3.205723,"LD3 0SG, Brecon, Powys, Wales, United Kingdom"
"Bowling Green Ln, Knighton , LD7 1DR, GB",52.343853,-3.046703,"LD7 1DR, Knighton, Powys, Wales, United Kingdom"
", LD3 0UB, GB",51.989916,-3.325695,"LD3 0UB, Brecon, Powys, Wales, United Kingdom"
"The Green, Velindre, Brecon , LD3 0ST, GB",52.023454,-3.186494,"LD3 0ST, Brecon, Powys, Wales, United Kingdom"
"Llangorse, Brecon, , LD3 7UG, GB",51.938637,-3.255331,"LD3 7UG, Brecon, Powys, Wales, United Kingdom"
"Moor Park Garden, NP8 1SS, GB",51.871396,-3.106113,"NP8 1SS, Crickhowell, Powys, Wales, United Kingdom"
"Penpont House, Brecon, LD3 8EU, GB",51.947997,-3.498174,"LD3 8EU, Brecon, Powys, Wales, United Kingdom"
"Glanwye, Hereford Road, Hay on Wye, HR3 5EW, GB",52.083759,-3.119267,"HR3 5EW, Hereford, Herefordshire, England, United Kingdom"
"Llysdinam Newbridge-on-Wye , LD1 6, GB",52.2136,-3.441412,"Newbridge-on-Wye, Powys, Wales, United Kingdom"
"Cae Felyn, Old Hall, Llanidloes, SY18 6PW, GB",52.45084,-3.601492,"SY18 6PW, Llanidloes, Powys, Wales, United Kingdom"
"Broniarth, Pool Road, Newtown, Powys, , SY16 3AN, GB",52.514114,-3.309353,"Pool Road, Newtown, SY16 1DG, United Kingdom"
"Pendinas, Llanidloes Rd, Newtown , SY16 4HX, GB",52.505374,-3.340033,"SY16 4HX, Newtown, Powys, Wales, United Kingdom"
"Upper Rectory, Berriew, Welshpool, SY21 8AN, GB",52.600784,-3.194462,"SY21 8AN, Welshpool, Powys, Wales, United Kingdom"
"Broad St, Montgomery , SY15 6PH, GB",52.560147,-3.148232,"SY15 6PH, Montgomery, Powys, Wales, United Kingdom"
"1 Castleworks, Hendomen, Montgomery, SY15 6EZ, GB",52.575203,-3.155886,"SY15 6EZ, Montgomery, Powys, Wales, United Kingdom"
"Upper Bryntalch Farm, Abermule, Montgomery, SY15 6LA, GB",52.556597,-3.215579,"SY15 6LA, Montgomery, Powys, Wales, United Kingdom"
"Pentreheyling, Montgomery , SY15 6HU, GB",52.529813,-3.116292,"SY15 6HU, Montgomery, Shropshire, England, United Kingdom"
"Old Monty Cider, Glascoed, Garthmyl, Montgomery, Powys,, SY15 6RT, GB",52.577008,-3.187839,"SY15 6RT, Montgomery, Powys, Wales, United Kingdom"
"Winsbury Farm, Montgomery, SY15 6UG, GB",52.577219,-3.113438,"SY15 6UG, Montgomery, Shropshire, England, United Kingdom"
"Sarn, Newtown , SY16 4EJ, GB",52.510063,-3.174584,"SY16 4EJ, Newtown, Powys, Wales, United Kingdom"
"Memorial Square, Hay-on-Wye, Hereford , HR3 5AE, GB",52.074511,-3.125456,"HR3 5AE, Hereford, Powys, Wales, United Kingdom"
"16 Severn Street, Newtown, Powys, Wales, , SY16 2AQ, GB",52.5153,-3.31446,"16 Severn Street, Newtown, SY16 2AQ, United Kingdom"
"Royal Welsh Showground, Llanelwedd, Builth Wells, LD2 3SY, GB",52.156737,-3.405697,"LD2 3SY, Builth Wells, Powys, Wales, United Kingdom"
"Aberbran Fawr, Aberbran, Brecon , LD3 9NG, GB",51.952757,-3.475864,"LD3 9NG, Brecon, Powys, Wales, United Kingdom"
"Great Oak Foods Ltd, 14 Great Oak Street, Llanidloes, SY18 6BU, GB",52.448268,-3.538552,"SY18 6BU, Llanidloes, Powys, Wales, United Kingdom"
"Great Oak Street, , SY18 6BU, GB",52.448268,-3.538552,"SY18 6BU, Llanidloes, Powys, Wales, United Kingdom"
"Llanbedr, Crickhowell , NP8 1SQ, GB",51.875494,-3.106315,"NP8 1SQ, Crickhowell, Powys, Wales, United Kingdom"
"Kington, HR5 3BX, GB",52.205063,-3.024399,"HR5 3BX, Kington, Herefordshire, England, United Kingdom"
"Great Oak street, Llanidloes, SY18 6BN, GB",52.448346,-3.539172,"Great Oak Street, Llanidloes, SY18 6BW, United Kingdom"
"Ann Holloway Centre, Salop road, Welshpool, , SY21 7EA, GB",52.661058,-3.143971,"SY21 7EA, Welshpool, Powys, Wales, United Kingdom"
"Afonydd Cyfarfod Encilio Van, Llanidloes, SY18 6NZ, GB",52.459945,-3.59698,"SY18 6NZ, Llanidloes, Powys, Wales, United Kingdom"
"Machynlleth, Powys, , SY20 8DY, GB",52.590643,-3.849141,"SY20 8DY, Machynlleth, Powys, Wales, United Kingdom"
"The Rodd, Presteigne, LD8 2NH, GB",52.268383,-3.020319,"LD8 2NH, Presteigne, Powys, Wales, United Kingdom"
"Welsh Mountain Cider. Prospect Orchard. Newchapel, Llanidloes, SY18 6JY, GB",52.435578,-3.494728,"SY18 6JY, Llanidloes, Powys, Wales, United Kingdom"
"Bacheldre Watermill, Montgomery, SY15 6TE, GB",52.524763,-3.120807,"SY15 6TE, Montgomery, Powys, Wales, United Kingdom"
"Graig Barn Farm, Llangenny Lane, Crickhowell, NP8 1HB, GB",51.854768,-3.119688,"NP8 1HB, Crickhowell, Powys, Wales, United Kingdom"
"Appleyard House knighton , LD7 1HU, GB",52.342151,-3.047088,"LD7 1HU, Knighton, Powys, Wales, United Kingdom"
"Whinyard Rocks, New Radnor, Powys, , LD8 2TG, GB",52.254167,-3.131097,"LD8 2TG, Presteigne, Powys, Wales, United Kingdom"
"Park View/High St, Llanfyllin, SY22 5AA, GB",52.766801,-3.274369,"SY22 5AA, Llanfyllin, Powys, Wales, United Kingdom"
"Cain Valley Hotel, High St, Llanfyllin , SY22 5AQ, GB",52.766407,-3.27335,"SY22 5AQ, Llanfyllin, Powys, Wales, United Kingdom"
"New Inn, Berwyn St, Oswestry , SY10 0EX, GB",52.824643,-3.406429,"SY10 0EX, Oswestry, Powys, Wales, United Kingdom"
"Llangynog, Oswestry , SY10 0ET, GB",52.824384,-3.407816,"SY10 0ET, Oswestry, Powys, Wales, United Kingdom"
"Llangedwyn Mill, Oswestry, SY10 9LD, GB",52.81203,-3.22311,"SY10 9LD, Oswestry, Powys, Wales, United Kingdom"
"Llanwddyn, Oswestry, Powys, SY10 0LZ, GB",52.759229,-3.455713,"SY10 0LZ, Oswestry, Powys, Wales, United Kingdom"
"Builth Wells Community Support Office, 1 Groe Street, Builth Wells, Powys, LD2 3DW, GB",52.149288,-3.402305,"LD2 3DW, Builth Wells, Powys, Wales, United Kingdom"
"High Street Car Park, Llandrindod, LD1 6BG, GB",52.242421,-3.380663,"LD1 6BG, Llandrindod Wells, Powys, Wales, United Kingdom"
"Elmswood, Middleton Street, Llandrindod Wells,, LD1 5ET, GB",52.240729,-3.379307,"LD1 5ET, Llandrindod Wells, Powys, Wales, United Kingdom"
"Marlborough House, Station Cres, Llandrindod Wells , LD1 5BD, GB",52.241191,-3.378208,"LD1 5BD, Llandrindod Wells, Powys, Wales, United Kingdom"
"Bowling Green Lane, Knighton, LD7 1DR, GB",52.343853,-3.046703,"LD7 1DR, Knighton, Powys, Wales, United Kingdom"
"Flora in the Orchards, Bronllys Hospital Grounds, Bronllys, Brecon, Powys, LD3 0LY, GB",52.007182,-3.259069,"LD3 0LY, Brecon, Powys, Wales, United Kingdom"
"Riverside Gardens, Llangammarch,,  LD4 4EA, GB",52.112129,-3.555559,"LD4 4EA, Llangammarch Wells, Powys, Wales, United Kingdom"
"Tirabad, Llangammarch, , LD4 4DR, GB",52.058693,-3.637166,"LD4 4DR, Llangammarch Wells, Powys, Wales, United Kingdom"
"Institute Llanfair Caereinion , SY21 0RY, GB",52.64884,-3.325215,"SY21 0RY, Welshpool, Powys, Wales, United Kingdom"
"Middlewood Farm, Bwlch, Brecon, Powys, Wales, UK , LD3 7HQ, GB",51.896891,-3.253513,"LD3 7HQ, Brecon, Powys, Wales, United Kingdom"
"A490, Y Dolydd, Llanfyllin , SY22 5LD, GB",52.070329,-3.137794,"The Meadows, Hay-on-Wye, Hereford, HR3 5LF, United Kingdom"
"Knighton , LD7 1BT, GB",52.343132,-3.047904,"LD7 1BT, Knighton, Powys, Wales, United Kingdom"
"Berriew, SY21 8AN, GB",52.600784,-3.194462,"SY21 8AN, Welshpool, Powys, Wales, United Kingdom"
"Llangynidr Village Hall, NP8 1LS, GB",51.870135,-3.232869,"NP8 1LS, Crickhowell, Powys, Wales, United Kingdom"
"Bodfach Park, Llanfyllin, SY22 5AH, GB",52.766006,-3.273027,"SY22 5AH, Llanfyllin, Powys, Wales, United Kingdom"
"The Vaults, Market St, Brecon , LD3 9AH, GB",51.948839,-3.392787,"Market Street, Brecon Beacons National Park, Brecon, LD3 9BU, United Kingdom"
"Bethel Street, Llanidloes, SY18 6BS, GB",52.448636,-3.538609,"SY18 6BS, Llanidloes, Powys, Wales, United Kingdom"
"Ty Barcud, The Square,, Llanwrtyd Wells, LD5 4RB, GB",52.107611,-3.638169,"LD5 4RB, Llanwrtyd Wells, Powys, Wales, United Kingdom"
"Welshpool Town Council, The Vicarage Gardens, Welshpool, SY21 7DD, GB",52.66016,-3.14594,"Vicarage Gardens, Welshpool, SY21 7DD, United Kingdom"
"Old School Building, Scottleton Street, Presteigne, Powys, , LD8 2BL, GB",52.275748,-3.010815,"LD8 2BL, Presteigne, Powys, Wales, United Kingdom"
"19 Bridge St, Brecon, Powys , LD3 8BL, GB",51.94699,-3.39618,"19 Bridge Street, Brecon Beacons National Park, Brecon, LD3 8AH, United Kingdom"
"The Old Workshop, Lion Street, Brecon, LD3 7HY, GB",51.947912,-3.390819,"LD3 7HY, Brecon, Powys, Wales, United Kingdom"
"Talgarth Mill, The Square, Talgarth, Brecon, LD3 0BW, GB",51.995991,-3.232421,"LD3 0BW, Brecon, Powys, Wales, United Kingdom"
"Lower Porthamel, Talgarth, LD3 0DL, GB",52.013321,-3.221663,"LD3 0DL, Brecon, Powys, Wales, United Kingdom"
"The Wobbly Owl, 13a Castle Street, , Hay-on-Wye, HR3 5DF, GB",52.073783,-3.12732,"HR3 5DF, Hereford, Powys, Wales, United Kingdom"
"Black Mountains Preserves, Tegfan, LD3 0DY, GB",51.991262,-3.219431,"LD3 0DY, Brecon, Powys, Wales, United Kingdom"
"Cmwdu, Crickhowell, NP8 1RU, GB",51.904998,-3.191553,"NP8 1RU, Crickhowell, Powys, Wales, United Kingdom"
"54 Sunnyhaven Park, Howey, Llandrindod Wells, LD1 5PU, GB",52.20975,-3.39453,"54 Sunnyhaven Park, Crossway, Llandrindod Wells, LD1 5PU, United Kingdom"
"Ty Croeso, St Davids House, 48 Free Street, Brecon, LD3 7BN, GB",51.946411,-3.387702,"LD3 7BN, Brecon, Powys, Wales, United Kingdom"
"Y Capel, Gurnos Road, Ystalyfera, SA9 2HY, GB",51.766914,-3.781118,"SA9 2HY, Swansea, Neath Port Talbot, Wales, United Kingdom"
"Peniel Pentecostal Church, New Street, Glynneath, SA11 5AA, GB",51.74708,-3.622033,"SA11 5AA, Neath, Neath Port Talbot, Wales, United Kingdom"
"Dulais Rd, Seven Sisters, Neath , SA10 9EL, GB",51.76192,-3.720422,"SA10 9EL, Neath, Neath Port Talbot, Wales, United Kingdom"
"High Street, Crickhowell, NP8 1BH, GB",51.858654,-3.137296,"NP8 1BH, Crickhowell, Powys, Wales, United Kingdom"