Company name,Company Domain Name (If known),Co-op Sector,Industry,Street Address,Street Address 2,City,State/Region,Country/Region
Example - Independent Suppliers Group,Example - supplies.coop,Example - Manufacturing,Example - Business Supplies,5600 N. River Road,East Gardens,Rosemont,IL,USA
4 Corners Food Co-op (Huddle Farms Village Market),https://huddlefarms.square.site/4-corners-food-coop,Retail,Grocery,110 E Main Street,,Waterville,NY,USA
4th Street Food Co-op (Good Harvest),https://4thstreetfoodcoop.org,Retail,Grocery,58 East 4th Street,,New York,NY,USA
Abundance Food Co-op,https://abundance.coop,Retail,Grocery,571 South Avenue,,Rochester,NY,USA
Adamant Co-op,https://www.adamantcoop.org,Retail,Grocery,1313 Haggatt Rd,,Adamant,VT,USA
Assabet Co-op Market,https://assabetmarket.coop,Retail,Grocery,86 Powder Mill Road,,Maynard,MA,USA
Belfast Community Co-op,https://belfast.coop,Retail,Grocery,123 High Street,,Belfast,ME,USA
Berkshire Co-op Market,https://www.berkshire.coop,Retail,Grocery,34 Bridge Street,,Great Barrington,MA,USA
Blue Hill Food Co-op,https://bluehill.coop,Retail,Grocery,70 South Street,,Blue Hill,ME,USA
Brattleboro Food Co-op,https://brattleborofoodcoop.coop,Retail,Grocery,2 Main Strett,,Brattleboro,VT,USA
Buffalo Mountain Food Co-op,https://buffalomountainmarket.com,Retail,Grocery,75 Mill Street,,Hardwick,VT,USA
Cambridge Food Co-op,https://www.cambridgefoodcoop.com,Retail,Grocery,1 West Main Street,,Cambridge,NY,USA
Chatham Real Food Co-op,https://www.chatham.coop,Retail,Grocery,15 Church Street,,Chatham,NY,USA
"City Market, Onion River Co-op (Downtown)",https://www.citymarket.coop,Retail,Grocery,82 South Winooski Avenue,,Burlington,VT,USA
"City Market, Onion River Co-op (South End)",https://www.citymarket.coop,Retail,Grocery,207 Flynn Avenue,,Burlington,VT,USA
Concord Food Co-op,https://concordfoodcoop.coop,Retail,Grocery,24 South Main Street,,Concord,NH,USA
County Co-op & Farm Store,https://www.thecountycoop.com,Retail,Grocery,53 Main Street,,Houlton,ME,USA
Dorchester Food Co-op,https://www.dorchesterfoodcoop.com,Retail,Grocery,195 Bowdoin Street,,Dorchester,MA,USA
East Aurora Food Co-op,https://eastaurora.coop,Retail,Grocery,591 Main Street,,East Aurora,NY,USA
East Warren Food Co-op,https://www.eastwarrenmarket.com,Retail,Grocery,42 Roxbury Mountain Road,,Warren,VT,USA
Fare Share Food Co-op,https://www.faresharecoop.org,Retail,Grocery,443 Main Street,,Norway,ME,USA
Farmington Food Co-op,https://www.farmingtonfoodcoop.com,Retail,Grocery,181 Front Street,,Farmington,ME,USA
Fiddleheads Natural Foods Co-op,https://fiddleheadsfood.weebly.com,Retail,Grocery,13 Broad Street,,New London,CT,USA
Flatbush Food Co-op,https://www.flatbushfood.coop,Retail,Grocery,1415 Cortelyou Road,,Brooklyn,NY,USA
Franklin Community Co-op (Greenfields Market),https://franklincommunity.coop,Retail,Grocery,144 Main St,,Greenfield,MA,USA
Franklin Community Co-op (McCuskers Market),https://franklincommunity.coop,Retail,Grocery,3 State Street,,Shelburne Falls,MA,USA
Good Tern Food Co-op,https://www.goodtern.com,Retail,Grocery,750 Main Street,,Rockland,ME,USA
Greene Hill Food Co-op,https://www.greenehillfood.coop,Retail,Grocery,1083 Fulton Street,,Brooklyn,NY,USA
GreenStar Food Co-op (Main Store),https://greenstar.coop,Retail,Grocery,770 Cascadilla Street,,Ithaca,NY,USA
GreenStar Food Co-op (DeWitt Mall),https://greenstar.coop,Retail,Grocery,215 N. Cayuga Street,,Ithaca,NY,USA
GreenStar Food Co-op (Collegetown),https://greenstar.coop,Retail,Grocery,307 College Ave,,Ithaca,NY,USA
Hanover Co-op Food Stores (Hanover),https://coopfoodstore.coop,Retail,Grocery,45 S Park Street,,Hanover,NH,USA
Hanover Co-op Food Stores (Lebanon),https://coopfoodstore.coop,Retail,Grocery,12 Centerra Parkway,,Lebanon,NH,USA
Hanover Co-op Food Stores (White River Junction),https://coopfoodstore.coop,Retail,Grocery,209 Maple Street,,White River Junction,VT,USA
High Falls Food Co-op,https://highfallsfood.coop,Retail,Grocery,1398 State Route 213,,High Falls,NY,USA
Honest Weight Food Co-op,https://www.honestweight.coop,Retail,Grocery,100 Watervliet Ave,,Albany,NY,USA
Hunger Mountain Co-op,https://hungermountain.coop,Retail,Grocery,623 Stonecutters Way,,Montpelier,VT,USA
Hungry Hollow Food Co-op,https://hungryhollow.coop,Retail,Grocery,841 Chestnut Ridge Rd,,Spring Valley,NY,USA
Island Store Association,,Retail,Grocery,303 Main Street,,Isle au Haute,ME,USA
Kearsarge Cooperative Grocer (Concord Food Co-op),https://concordfoodcoop.coop,Retail,Grocery,52 Newport Road,,New London,NH,USA
Leverett Village Co-op,https://www.leverettcoop.com,Retail,Grocery,180 Rattlesnake Gutter Rd,,Leverett,MA,USA
Lexington Food Co-op,https://lexington.coop,Retail,Grocery,807 Elmwood Ave.,,Buffalo,NY,USA
Littleton Food Co-op,https://littletoncoop.com,Retail,Grocery,43 Bethlehem Road,,Littleton,NH,USA
Marsh River Food Co-op,https://marshrivercoop.org,Retail,Grocery,5 Veterans Hwy,,Brooks,ME,USA
Middlebury Natural Foods Co-op,https://middlebury.coop,Retail,Grocery,9 Washington St.,,Middlebury,VT,USA
Monadnock Food Co-op,https://monadnockfood.coop,Retail,Grocery,34 Cypress Street,,Keene,NH,USA
Morrisville Food Co-op,https://morrisvillecoop.com,Retail,Grocery,46 Pleasant Street,,Morristown,VT,USA
Mohawk Harvest Food Co-op,https://mohawkharvest.org,Retail,Grocery,30 N Main Street,,Gloversville,NY,USA
Niskayuna Food Co-op,https://www.niskayunaco-op.com,Retail,Grocery,2227 Nott St.,,Schenectady,NY,USA
North Country Food Co-op,https://www.northcountryfoodcoop.com,Retail,Grocery,25 Bridge Street,,Plattsburgh,NY,USA
Old Creamery Co-op,https://oldcreamery.coop,Retail,Grocery,445 BERKSHIRE TRAIL,,Cummington,MA,USA
Park Slope Food Co-op,https://www.foodcoop.com,Retail,Grocery,782 Union Street,,Brooklyn,NY,USA
Philmont Food Co-op,https://philmontcooperative.com,Retail,Grocery,116 Main Street,,Philmont,NY,USA
Plainfield Food Co-op,https://plainfieldcoop.com,Retail,Grocery,P.O. BOX 266,,PLAINFIELD,VT,USA
Portland Food Co-op,https://www.portlandfood.coop,Retail,Grocery,290 Congress St,,Portland,ME,USA
Potsdam Food Co-op,https://www.potsdamcoop.com,Retail,Grocery,24 Elm Street,,Potsdam,NY,USA
Putney Food Co-op,https://putneyfood.coop,Retail,Grocery,8 Carol Brown Way,,Putney,VT,USA
Quabbin Harvest Co-op,https://quabbinharvest.coop,Retail,Grocery,12 N Main St,,Orange,MA,USA
River Valley Co-op (Northampton),https://rivervalley.coop,Retail,Grocery,330 North King Street,,Northampton,MA,USA
River Valley Co-op (Easthampton),https://rivervalley.coop,Retail,Grocery,228 Northampton Street,,Easthampton,MA,USA
Rising Tide,https://risingtide.coop,Retail,Grocery,323 Main Street,,Damariscotta,ME,USA
Rutland Area Food Co-op,https://rutlandcoop.com,Retail,Grocery,77 Wales Street,,Rutland,VT,USA
Shrewsbury Co-op at Pierce's Store,https://www.piercesstore.com,Retail,Grocery,2658 Northam Road,,Shrewsbury,VT,USA
South Royalton Food Co-op,https://soromarket.coop,Retail,Grocery,222 Chelsea Street,,South Royalton,VT,USA
Spice & Grain (Fryeburg Co-op),https://spiceandgrain.org,Retail,Grocery,17 Portland Street,,Fryeburg,ME,USA
Springfield Food Co-op,https://springfieldfood.coop,Retail,Grocery,6 Main Street,,Springfield,VT,USA
Syracuse Food Co-op,https://syracuse.coop,Retail,Grocery,618 Kensington Road,,Syracuse,NY,USA
Ticonderoga Food Co-op,https://www.ticonderoganaturalfoodscoop.com,Retail,Grocery,109 Montcalm Street,,Ticonderoga,NY,USA
TipTop Co-op,https://www.tiptoponline.us,Retail,Grocery,8 Central Street,,Brookfield,MA,USA
Tom's Food Co-op,https://www.tomsnaturalfoodscoop.com,Retail,Grocery,3 Fountain Street,Suite 201,Clinton,NY,USA
Upper Valley Food Co-op,https://www.uppervalleyfood.coop,Retail,Grocery,193 N. Main Street,,White River Juction,VT,USA
Urban Greens Co-op Market,https://urbangreens.com,Retail,Grocery,93 Cranston St,,Providence,RI,USA
Wild Oats Food Co-op,https://wildoats.coop,Retail,Grocery,320 Main Street,,Williamstown,MA,USA
Willimantic Co-op,https://www.willimanticfood.coop,Retail,Grocery,91 Valley Street,,Willimantic,CT,USA
Windsor Terrace Food Co-op,https://windsorterracefoodcoop.com,Retail,Grocery,825 Caton Ave,,Brooklyn,NY,USA
Wolfeboro Food Co-op,https://www.wolfeborocoop.org,Retail,Grocery,"6 Varney Road, Unit 1",,Wolfeboro,NH,USA